book_id,author_id,category_id,cover,created_at,description,is_free,is_member_only,is_published,isbn,price,publish_date,publisher,rating,read_count,tags,title,updated_at,word_count
1,1,2,1_cover.jpeg,2026-01-11 17:16:56,,true,false,true,,0,2011-12-31T16:00:00+00:00,上海人民出版社,0,0,,2666,2026-01-11 17:16:56,74760
2,2,2,2_cover.jpg,2026-01-11 17:16:56,,true,false,true,,0,2015,,0,0,,一个无政府主义者的意外死亡,2026-01-11 17:16:56,5005
3,3,2,3_cover.jpeg,2026-01-11 17:16:56,,true,false,true,,0,2022-01-31T16:00:00+00:00,浙江教育出版社,0,0,,一间自己的房间（磨铁经典）【激发女性觉醒的经典之作！知名女性主义学者、《阁楼上的疯女人》作者之一苏珊·古巴作2万字导读！全新译本补充5万余字注释，帮助你真正读懂本书！】 (磨铁经典第一辑：发光的女性),2026-01-11 17:16:56,36117
4,4,2,4_cover.jpeg,2026-01-11 17:16:56,,true,false,true,9787551821889,0,2020-06-30T16:00:00+00:00,三秦出版社,0,0,,三国演义（易中天推荐版本。以毛本为底本，结合嘉靖本、史书综合汇校，恢复罗贯中原笔文字，收录毛批，53幅地图了解战争全貌。附《三国群英谱》） (果麦精编四大名著 2),2026-01-11 17:16:56,135220
5,5,2,5_cover.jpeg,2026-01-11 17:16:56,,true,false,true,,0,0101-01-01T00:00:00+00:00,,0,0,,两地书,2026-01-11 17:16:56,74124
6,6,2,6_cover.jpeg,2026-01-11 17:16:56,,true,false,true,,0,2012-03-22T08:25:32+00:00,,0,0,,中国人,2026-01-11 17:16:56,131724
7,7,2,7_cover.jpeg,2026-01-11 17:16:56,,true,false,true,,0,2016-10-31T16:00:00+00:00,长江文艺出版社,0,0,,亲爱的提奥：梵高传,2026-01-11 17:16:56,93476
8,8,2,8_cover.jpeg,2026-01-11 17:16:56,,true,false,true,9787544720854,0,2018-12-24T16:00:00+00:00,译林出版社,0,0,,佩德罗巴拉莫,2026-01-11 17:16:56,11555
9,9,2,9_cover.jpeg,2026-01-11 17:16:56,,true,false,true,9787530211168,0,2012-06-04T16:00:00+00:00,北京十月文艺出版社,0,0,,倾城之恋（张爱玲巅峰之作，一本书了解她的文学魅力）,2026-01-11 17:16:56,45496
10,10,2,10_cover.jpeg,2026-01-11 17:16:56,"《写在人生边上》，散文集，钱锺书著。写于四十年代。
　　钱先生曾谦虚地说他的这几篇散文不过是如同中国旧书上的眉批，补的是人生这部大书的空白。本书由杨绛女士编定，上海开明书店一九四一年初版，历时半个世纪再次以单行本形式发行，薄薄的一册，却也是补书架、旅途上的空白。
　　这本散文集收录的散文语言幽默，见解独到精辟，行文一气呵成，更是旁征博引，极富哲理。
　　这个集子里的文章，有几篇是发表过的，曾和孙大雨、戴望舒、沈从文、孙毓棠各位先生所主编或筹备的刊物有过关系。
　　陈麟瑞、李健吾两先生曾将全书审阅一遍，并且在出版和印刷方面，不吝惜地给予了帮助。
　　作者远客内地，由杨绛女士在上海收拾、挑选、编定这几篇散文，成为一集。
　　愿他们几位不嫌微末底接受作者的感谢。",true,false,true,,0,2011-06-05T16:00:00+00:00,,0,0,,写在人生边上,2026-01-11 17:16:56,28456
11,11,2,11_cover.jpeg,2026-01-11 17:16:56,,true,false,true,,0,2011-11-30T16:00:00+00:00,时代文艺出版社,0,0,,北京法源寺 (李敖五十年唯一自选集),2026-01-11 17:16:56,87641
12,12,2,12_cover.jpeg,2026-01-11 17:16:56,,true,false,true,,0,2010-07-31T16:00:00+00:00,上海译文出版社,0,0,,十日谈(套装上下册) (译文名著精选),2026-01-11 17:16:56,159951
13,13,2,13_cover.jpeg,2026-01-11 17:16:56,,true,false,true,,0,2017-09-30T16:00:00+00:00,,0,0,,南方高速（《百年孤独》作者的文学偶像，马尔克斯、聂鲁达、萨拉马戈、莫言、略萨5位诺奖得主推崇！安东尼奥尼、王家卫爱重！）,2026-01-11 17:16:56,87057
14,14,2,14_cover.jpeg,2026-01-11 17:16:57,,true,false,true,9787544729031,0,2014-03-31T16:00:00+00:00,译林出版社,0,0,,呐喊 (经典译林),2026-01-11 17:16:57,73152
15,15,2,15_cover.jpg,2026-01-11 17:16:57,,true,false,true,,0,2011-05,湖南文艺出版社,0,0,,呼兰河传,2026-01-11 17:16:57,40997
16,16,2,16_cover.jpeg,2026-01-11 17:16:57,"<p class=""description"">在《哭泣的骆驼》，三毛依然恋恋着墨沙漠生活周遭的人与事，《收魂记》、《大胡子与我》等情趣盎然，《沙巴军曹》等所刻画的主角给人留下了难以磨灭的印象，而压轴的《哭泣的骆驼》以游击战事为背景，细细铺写了一对沙漠情侣的生死盟……</p>",true,false,true,,0,2010-02-11T16:00:00+00:00,,0,0,,哭泣的骆驼,2026-01-11 17:16:57,45795
17,17,2,17_cover.jpeg,2026-01-11 17:16:57,,true,false,true,,0,2017-06-30T16:00:00+00:00,人民文学出版社,0,0,,围城（爱熄灭了灯，心围一座城。出版七十周年纪念版）,2026-01-11 17:16:57,52772
18,18,2,18_cover.jpg,2026-01-11 17:16:57,,true,false,true,,0,2018-08-01,,0,0,,圣殿春秋（全3册）(半个地球都在通宵读！《巨人的陨落》作者肯·福莱特《中世纪三部曲》第一部，一部小说写活中世纪史！）,2026-01-11 17:16:57,101020
19,14,2,19_cover.jpeg,2026-01-11 17:16:57,,true,false,true,,0,2016-12-31T16:00:00+00:00,阅览文化,0,0,,坟,2026-01-11 17:16:57,30419
20,19,2,20_cover.jpeg,2026-01-11 17:16:57,,true,false,true,,0,2007-09-30T16:00:00+00:00,人民文学出版社,0,0,,家（巴金代表作，激流三部曲之一，一九三三年开明书店初版，一九五三年人民文学出版社首版，传读八十余载的文学经典） (中国现代长篇小说藏本),2026-01-11 17:16:57,196529
21,20,2,21_cover.jpeg,2026-01-11 17:16:57,,true,false,true,,0,2012-02-29T16:00:00+00:00,上海译文出版社,0,0,,小妇人(译文名著精选),2026-01-11 17:16:57,217386
22,21,2,22_cover.jpeg,2026-01-11 17:16:57,,true,false,true,,0,2016-04-30T16:00:00+00:00,,0,0,,巨人的陨落 (碾压全球畅销榜的伟大故事，全球每三秒卖出一本！)(世界是属于勇敢者的，所以世界是属于我的。)(共3册) (读客全球顶级畅销小说文库 258),2026-01-11 17:16:57,203229
23,9,2,23_cover.jpeg,2026-01-11 17:16:57,,true,false,true,,0,2010-05-06T16:00:00+00:00,,0,0,,金锁记,2026-01-11 17:16:57,5162
24,22,2,24_cover.jpeg,2026-01-11 17:16:57,,true,false,true,,0,2016-12-31T16:00:00+00:00,,0,0,,我的天才女友,2026-01-11 17:16:57,99149
25,23,2,25_cover.jpeg,2026-01-11 17:16:57,,true,false,true,,0,2010-11-30T16:00:00+00:00,陕西师范大学出版社,0,0,,严歌苓作品集:扶桑,2026-01-11 17:16:57,40823
26,16,2,26_cover.jpg,2026-01-11 17:16:57,,true,false,true,978-7-5302-1111-3,0,2020-06-11,北京十月文艺出版社,0,0,,撒哈拉的故事（三毛全集·02）,2026-01-11 17:16:57,104299
27,24,2,27_cover.jpeg,2026-01-11 17:16:57,,true,false,true,,0,2009-12-31T16:00:00+00:00,东方出版中心,0,0,,文化苦旅,2026-01-11 17:16:57,156442
28,25,2,28_cover.jpeg,2026-01-11 17:16:57,,true,false,true,,0,2012-01-31T16:00:00+00:00,中国青年出版社,0,0,,朱生豪情书全集 (新青年文库•名家名作手稿珍藏本系列),2026-01-11 17:16:57,28739
29,26,2,29_cover.jpeg,2026-01-11 17:16:57,,true,false,true,,0,2010-03-31T16:00:00+00:00,陕西师范大学出版社,0,0,,沉默的大多数 (王小波作品系列),2026-01-11 17:16:57,119785
30,27,2,30_cover.jpeg,2026-01-11 17:16:57,,true,false,true,,0,2010-12-07T16:00:00+00:00,"湖北长江出版集团,长江文艺出版社",0,0,,湘行散记 (名家散文经典),2026-01-11 17:16:57,75219
31,26,2,31_cover.jpeg,2026-01-11 17:16:57,,true,false,true,,0,2017-08-31T16:00:00+00:00,北京十月文艺出版社,0,0,,爱你就像爱生命（李银河独家授权，亲自校订全稿。朱一龙夏日推荐书单，独家首次曝光王小波写在五线谱上的情书和亲笔书信照片。）,2026-01-11 17:16:57,39511
32,28,2,32_cover.jpeg,2026-01-11 17:16:57,,true,false,true,,0,2014-07-07T16:00:00+00:00,,0,0,,百年孤独,2026-01-11 17:16:57,103169
33,29,2,33_cover.jpeg,2026-01-11 17:16:57,,true,false,true,9787544722278,0,2012-03-31T16:00:00+00:00,译林出版社,0,0,,看不见的城市（王小波师承、珍藏、最爱的作家，超现实主义的幻想大师！约翰•厄普代克、安伯托•艾柯、莫言、梁文道、苏童、朱天文、唐诺、止庵盛赞！豆瓣4万读者9.0+分评价！） (卡尔维诺经典),2026-01-11 17:16:57,36698
34,30,2,34_cover.jpeg,2026-01-11 17:16:57,,true,false,true,,0,2021-08-31T16:00:00+00:00,,0,0,,神曲（全三册）（知名翻译家黄国彬意大利语原文直译，华语世界首部三韵体《神曲》全译本 理想国出品）,2026-01-11 17:16:57,197684
35,31,2,35_cover.jpeg,2026-01-11 17:16:57,,true,false,true,,0,2018-08-05T16:00:00+00:00,,0,0,,竹林的故事,2026-01-11 17:16:57,55484
36,32,2,36_cover.jpeg,2026-01-11 17:16:57,,true,false,true,,0,2013-12-31T16:00:00+00:00,上海译文出版社,0,0,,第二性（合卷本）,2026-01-11 17:16:57,127274
37,33,2,37_cover.jpeg,2026-01-11 17:16:57,,true,false,true,,0,0101-01-01T00:00:00+00:00,,0,0,,给青年小说家的信,2026-01-11 17:16:57,55492
38,34,2,38_cover.jpeg,2026-01-11 17:16:57,,true,false,true,,0,2013-10-31T16:00:00+00:00,中华书局,0,0,,给青年的十二封信（精）--国民阅读经典,2026-01-11 17:16:57,57389
39,35,2,39_cover.jpeg,2026-01-11 17:16:57,,true,false,true,,0,2016-01-01, ,0,0,,给青年诗人的信,2026-01-11 17:16:57,59818
40,36,2,40_cover.jpeg,2026-01-11 17:16:57,,true,false,true,,0,2019-01-31T16:00:00+00:00,,0,0,,被淹没与被拯救的,2026-01-11 17:16:57,54045
41,27,2,41_cover.jpeg,2026-01-11 17:16:57,,true,false,true,9787533927585,0,2010-02-28T16:00:00+00:00,,0,0,,边城,2026-01-11 17:16:57,74936
42,37,2,42_cover.jpeg,2026-01-11 17:16:57,,true,false,true,,0,2006-04-30T16:00:00+00:00,,0,0,,追风筝的人,2026-01-11 17:16:57,115594
43,38,2,43_cover.jpeg,2026-01-11 17:16:57,<p>这是一本“自由女性”安娜的成长记录，由一个故事、五本笔记构成。通过这部“跨国度的百科全书”，莱辛描摹了整个表面平平淡淡、骨子里混乱无序的世界。每部分之间依次插入黑、红、黄、蓝四种笔记，涉及殖民主义、种族主义与男女间的爱情，兼具感情与知性。莱辛曾声称，《金色笔记》是“一次突破形式的尝试，一次突破某些意识观念并予以超越的尝试。”</p>,true,false,true,,0,2008-04-30T16:00:00+00:00,译林出版社,0,0,,金色笔记(典藏本)(百读文库),2026-01-11 17:16:57,74691
44,39,2,44_cover.jpeg,2026-01-11 17:16:57,,true,false,true,,0,2016-12-31T16:00:00+00:00,,0,0,,长安十二时辰（上下册）,2026-01-11 17:16:57,124149
45,40,2,45_cover.jpeg,2026-01-11 17:16:57,,true,false,true,9787542664730,0,2019-04-04T16:00:00+00:00,上海三联书店,0,0,,闲话闲说：中国世俗与中国小说（出版二十周年纪念版）,2026-01-11 17:16:57,11612
46,41,2,46_cover.jpg,2026-01-11 17:16:57,,true,false,true,,0,2015-06,上海译文出版社,0,0,,阿莱夫,2026-01-11 17:16:57,66696
47,42,2,47_cover.jpeg,2026-01-11 17:16:57,,true,false,true,,0,2011-08-31T16:00:00+00:00,陕西师范大学出版总社有限公司,0,0,,雷雨 (曹禺经典戏剧集),2026-01-11 17:16:57,32459
48,43,2,48_cover.jpeg,2026-01-11 17:16:57,,true,false,true,,0,2020-03-31T16:00:00+00:00,上海译文出版社,0,0,,鞋带【上海译文出品！意大利版《婚姻故事》，暴露婚姻生活压抑和疼痛，直击生活痛点，那不勒斯四部曲译者最新译作】,2026-01-11 17:16:57,25984
49,44,2,49_cover.jpeg,2026-01-11 17:16:57,,true,false,true,9787220107597,0,2018-06-30T16:00:00+00:00,成都：四川人民出版社,0,0,,鞑靼人沙漠（“意大利卡夫卡”迪诺·布扎蒂巅峰之作，入选博尔赫斯《私人藏书》、法国《理想藏书》、《世界报》20世纪百本好书。）,2026-01-11 17:16:57,122239
50,45,2,50_cover.jpeg,2026-01-11 17:16:57,,true,false,true,,0,2012-05-31T16:00:00+00:00,人民文学出版社,0,0,,骆驼祥子 (中国现代长篇小说藏本),2026-01-11 17:16:57,121149
51,46,1,51_cover.jpg,2026-01-11 17:16:57,,true,false,true,,0,2022-10-22,,0,0,,七堂极简物理课,2026-01-11 17:16:57,27692
52,47,1,52_cover.jpg,2026-01-11 17:16:57,,true,false,true,,0,2005-02-01,接力出版社,0,0,,万物简史（《罗辑思维》罗振宇鼎力推荐，原北京大学校长许智宏作序。为万物写史，为宇宙立传，用知识和趣味击穿现实，抵达自由。）（中文简体版销量超过100万册。） （A Short History of Nearly Everything）,2026-01-11 17:16:57,160157
53,48,1,53_cover.jpeg,2026-01-11 17:16:57,,true,false,true,9787521705485,0,2019-06-30T16:00:00+00:00,中信出版集团,0,0,,世界边缘的秘密：科学对生命的惊人回答,2026-01-11 17:16:57,77292
54,49,1,54_cover.jpeg,2026-01-11 17:16:57,,true,false,true,,0,2019-01-31T16:00:00+00:00,南京大学出版社,0,0,,世间万物：与植物、星辰、动物的相遇（守望者·物灵）（献给孩子和恋人的睡前小书，充满好奇心的科普故事集。 它将唤起我们与所爱之人交流世界的渴望。 BBC广播四台、美国独立书商协会、《卫报》 《赫芬顿邮报》一致推荐！）,2026-01-11 17:16:57,71329
55,50,1,55_cover.jpeg,2026-01-11 17:16:57,,true,false,true,9787521705072,0,2019-06-30T16:00:00+00:00,中信出版集团,0,0,,为什么,2026-01-11 17:16:57,65188
56,47,1,56_cover.jpeg,2026-01-11 17:16:57,,true,false,true,,0,2020-06-30 16:00:00+00:00,,0,0,,人体简史（你的身体30亿岁了！《万物简史》作者比尔·布莱森重磅新书！一部从头讲到脚、从里讲到外、从30亿年前讲到今天的人体百科全书！）,2026-01-11 17:16:57,123421
57,51,1,57_cover.jpeg,2026-01-11 17:16:57,,true,false,true,9787571019075,0,2022-12-31T16:00:00+00:00,湖南科学技术出版社,0,0,,你想飞吗，像鸟一样？（现象级科普读物《自私的基因》的作者理查德·道金斯重磅新作 ）,2026-01-11 17:16:57,10765
58,52,1,58_cover.jpeg,2026-01-11 17:16:57,,true,false,true,,0,2017-08-31T16:00:00+00:00,江西科学技术出版社,0,0,,你是你吃出来的：吃对少生病，病了这样吃,2026-01-11 17:16:57,118671
59,53,1,59_cover.jpeg,2026-01-11 17:16:57,<p>kindle by 笨笨的铲屎官。</p>,true,false,true,,0,0101-01-01T00:00:00+00:00,,0,0,,别闹了，费曼先生,2026-01-11 17:16:57,149869
60,54,1,60_cover.jpeg,2026-01-11 17:16:57,,true,false,true,,0,2020-09-30T16:00:00+00:00,重庆出版社,0,0,,加来道雄科普系列（套装全5册）【“物理学超弦理论”奠基人、美国著名高等学府加州大学伯克利分校物理学博士、纽约城市大学理论物理学教授 加来道雄作品！堪与《时间简史》媲美，穿越宇宙空间】,2026-01-11 17:16:57,101565
61,55,1,61_cover.jpeg,2026-01-11 17:16:57,,true,false,true,9787108010056,0,1997-03-31T16:00:00+00:00,生活·读书·新知三联书店,0,0,,复杂,2026-01-11 17:16:57,20497
62,56,1,62_cover.jpeg,2026-01-11 17:16:57,,true,false,true,,0,2019-12-05T16:00:00+00:00,,0,0,,大图景：论生命的起源、意义和宇宙本身（一场宇宙的奇妙发现之旅，了解宇宙的整体图景，思考宇宙与人的未来。卡洛·罗韦利推荐）,2026-01-11 17:16:57,186697
63,57,1,63_cover.jpeg,2026-01-11 17:16:57,,true,false,true,,0,2021-03-01T16:00:00+00:00,Amazon,0,0,,大师写给你的科学通识课：通俗天文学+物种起源+自然史+几何原本+从一到无穷大+相对论（畅销全球百年经典！西蒙·纽康、查尔斯·达尔文、布封、欧几里得、爱因斯坦、乔治•伽莫夫大师级作品）,2026-01-11 17:16:57,160895
64,58,1,64_cover.jpg,2026-01-11 17:16:57,,true,false,true,,0,2021-10-05,北京华章图文信息有限公司,0,0,,奇点临近,2026-01-11 17:16:57,179882
65,59,1,65_cover.jpeg,2026-01-11 17:16:57,,true,false,true,,0,2022-05-31T16:00:00+00:00,,0,0,,它们的性(牛津大学博士王大可带给你一本姿势搞笑、观点硬核的人文科普，建立新知，颠覆常识！让你在莞尔和大笑中思考人类！),2026-01-11 17:16:57,74005
66,60,1,66_cover.jpeg,2026-01-11 17:16:57,,true,false,true,,0,2022-02-13T16:00:00+00:00,,0,0,,寄生虫星球（站在食物链顶点，寄生虫操控着进化……人类其实一直生活在寄生虫统治的阴影下）,2026-01-11 17:16:57,167252
67,61,1,67_cover.jpeg,2026-01-11 17:16:57,,true,false,true,,0,2016-11-01,,0,0,,当呼吸化为空气,2026-01-11 17:16:57,39122
68,62,1,68_cover.jpeg,2026-01-11 17:16:57,,true,false,true,9787521723298,0,2020-12-31T16:00:00+00:00,中信出版集团,0,0,,微积分的力量（从宇宙的深奥谜题，到科技的发明创造，再到日常的衣食住行，微积分的力量无处不在。教师、学生、你和我，都会因为这本书而受益匪浅。）,2026-01-11 17:16:57,94871
69,63,1,69_cover.jpeg,2026-01-11 17:16:57,,true,false,true,,0,2023-06-21T16:00:00+00:00,,0,0,,成瘾,2026-01-11 17:16:57,66296
70,64,1,70_cover.jpg,2026-01-11 17:16:57,,true,false,true,,0,2018-05-09,,0,0,,我们为什么会生病,2026-01-11 17:16:57,90786
71,65,1,71_cover.jpeg,2026-01-11 17:16:57,,true,false,true,9787559648600,0,2021-02-28T16:00:00+00:00,北京：北京联合出版公司,0,0,,我们为什么要睡觉（让比尔•盖茨决定放下工作，好好睡觉！《纽约时报》畅销书排行榜NO.1，全球公认殿堂级睡眠百科全书，全景解析睡梦秘境，轻松摆脱睡眠问题！后浪出品）,2026-01-11 17:16:57,85325
72,66,1,72_cover.jpg,2026-01-11 17:16:57,,true,false,true,9787559810779,0,2018-11-01,广西师范大学出版社,0,0,,打开一颗心,2026-01-11 17:16:57,101746
73,67,1,73_cover.jpeg,2026-01-11 17:16:57,,true,false,true,9787115281586,0,2012-05-31T16:00:00+00:00,人民邮电出版社,0,0,,推荐系统实践 (图灵原创 5),2026-01-11 17:16:57,117314
74,68,1,74_cover.jpeg,2026-01-11 17:16:57,,true,false,true,,0,2015-01-31T16:00:00+00:00,湖南科学技术出版社,0,0,,时间简史（插图本）,2026-01-11 17:16:57,69213
75,69,1,75_cover.jpeg,2026-01-11 17:16:57,"<p class=""description"">大数据和机器智能的出现，对我们的技术发展、商业和社会都会产生重大的影响。作者吴军在《智能时代：大数据与智能革命重新定义未来》中指出，首先，我们在过去认为非常难以解决的问题，会因为大数据和机器智能的使用而迎刃而解，比如解决癌症个性化治疗的难题。同时，大数据和机器智能还会彻底改变未来的商业模式，很多传统的行业都将采用智能技术实现升级换代，同时改变原有的商业模式。大数据和机器智能对于未来社会的影响是全方位的。</p>",true,false,true,9787508663814,0,2016-08-20T16:00:00+00:00,中信出版集团,0,0,,智能时代:大数据与智能革命重新定义未来,2026-01-11 17:16:57,151611
76,70,1,76_cover.jpeg,2026-01-11 17:16:57,,true,false,true,,0,2015-07-31T16:00:00+00:00,,0,0,,最好的告别三部曲（套装共3册） (《纽约时报》畅销书，美国著名外科医生划时代之作！),2026-01-11 17:16:57,80808
77,71,1,77_cover.jpeg,2026-01-11 17:16:57,,true,false,true,9787508672069,0,2016-12-20T16:00:00+00:00,中信出版社,0,0,,未来简史,2026-01-11 17:16:57,66748
78,72,1,78_cover.jpeg,2026-01-11 17:16:57,,true,false,true,,0,2022-01-31T16:00:00+00:00,北京联合出版公司,0,0,,植物的战斗【第八届文津奖得主汪诘全新力作！纤毫毕现展示原始生物细微样貌！每篇都是从一种植物的生命开始讲起，细数它们几十亿年的求生历程和地球所有生命之间的联系！】,2026-01-11 17:16:57,150137
79,73,1,79_cover.jpeg,2026-01-11 17:16:57,,true,false,true,9787559636164,0,2020-07-31T16:00:00+00:00,北京联合出版公司,0,0,,洞见：从科学到哲学，打开人类的认知真相（樊登推荐，万维钢作序。与普利策、国家图书奖提名作者一起探讨佛学为什么是“真”的）,2026-01-11 17:16:57,94089
80,74,1,80_cover.jpg,2026-01-11 17:16:58,,true,false,true,,0,2018-11-02,,0,0,,消失的微生物 滥用抗生素引发的健康危机,2026-01-11 17:16:58,99429
81,75,1,81_cover.jpeg,2026-01-11 17:16:58,,true,false,true,,0,2021-07-30T16:00:00+00:00,,0,0,,深时之旅(地心历险版《人类简史》BBC同名纪录片！跨越69门学科，探索亿万年！解读地下世界的计时单位！反思明天，重启当下！破解人类历史未解之谜),2026-01-11 17:16:58,91483
82,76,1,82_cover.jpeg,2026-01-11 17:16:58,,true,false,true,,0,2021-12-31T16:00:00+00:00,,0,0,,物理学家的智性冒险【企鹅兰登出品！下一个“史蒂芬·霍金”物理学家卡洛·罗韦利，既《七堂极简物理课》、《时间的秩序》之后的全新力作！从诗意的宇宙望向复杂的世界，一场物理与人文的对话！让科学浪漫如诗！】,2026-01-11 17:16:58,95049
83,77,1,83_cover.jpg,2026-01-11 17:16:58,,true,false,true,,0,2018-06,浙江教育出版社,0,0,,生命3.0,2026-01-11 17:16:58,69390
84,78,1,84_cover.jpeg,2026-01-11 17:16:58,"<p class=""description"">科学,特别是自然科学,最重要的目标之一,就是追寻科学本身的原动力,或曰追寻其第一推动。同时,科学的这种追求精神本身,又成为社会发展和人类进步的一种最基本的推动。<br> 科学总是寻求发现和了解客观世界的新现象,研究和掌握新规律,总是在不懈地追求真理。科学是认真的、严谨的、实事求是的,同时,科学又是创造的。科学的最基本态度之一就是疑问,科学的最基本精神之一就是批判。<br> 诺贝尔奖获得者埃尔温·薛定谔的《生命是什么》是20世纪的伟大科学经典之一它是为门外汉写的通俗作品,然而事实证明它已成为分子生物诞生和随后DNA发现的激励者和推动者,本书把《生命是什么?》和《意识和物质》合为一卷出版,后者也是他写的散文,文中研究了那些自古以来就使哲学家困惑迷离的问题,和这两篇经典著作放在一块的是薛定谔的自传。通过对他一生的回顾和引人入胜的描述,提供了他从事科学著作的背景材料。</p>",true,false,true,9787535737229,0,2010-11-22T16:00:00+00:00,,0,0,,生命是什么,2026-01-11 17:16:58,7503
85,78,1,85_cover.jpeg,2026-01-11 17:16:58,,true,false,true,,0,2018-10-16T16:00:00+00:00,,0,0,,生命是什么？,2026-01-11 17:16:58,34315
86,79,1,86_cover.jpeg,2026-01-11 17:16:58,,true,false,true,,0,2015-08-31T16:00:00+00:00,清华大学出版社,0,0,,癌症·真相：医生也在读,2026-01-11 17:16:58,94204
87,80,1,87_cover.jpeg,2026-01-11 17:16:58,作为人类疾病史上最古老的医学奥秘，癌症备受世人关注。所有的癌症都起源于人体正常细胞，这是癌症特别令人恼火和反常的地方——它最初来自我们自身。癌症不是外敌入侵，而是一场内部叛乱。抗癌战争实为一场与我们自己的战争。 《癌症密码》汇集了医学博士杰森·冯关于癌症的研究结晶。冯博士结合大量实例与数据，指出了癌症研究史上前两种理论范式的不足之处，并以进化论的视角提出第三种范式，回答了最根本的问题：什么是癌症？是什么导致了癌症？癌症治疗的希望在何处？ 我们对癌症的理解正在慢慢地经历一场革命。癌症的“种子”存在于所有人体内，但改变“土壤”的力量却掌握在我们自己手中。,true,false,true,9787559663726,0,2023-01-01T00:00:00+00:00,北京联合出版公司,0,0,,癌症密码,2026-01-11 17:16:58,183831
88,81,1,88_cover.jpg,2026-01-11 17:16:58,,true,false,true,,0,2018-05-10,,0,0,,皇帝新脑,2026-01-11 17:16:58,71549
89,82,1,89_cover.jpeg,2026-01-11 17:16:58,,true,false,true,9787573008459,0,2023-08-31T16:00:00+00:00,海南出版社,0,0,,直到时间的尽头,2026-01-11 17:16:58,129
90,83,1,90_cover.jpg,2026-01-11 17:16:58,,true,false,true,,0,2021-08-01,重庆出版社,0,0,,科学可以这样看系列科普图书（套装11册）【汇集加来道雄、克莱格、布鲁克斯等当代五大科学家的顶尖智慧，对宇宙、未来科学的深入探索，门外汉都能读懂的世界科学名著】,2026-01-11 17:16:58,131245
91,84,1,91_cover.jpeg,2026-01-11 17:16:58,,true,false,true,9787521729597,0,2021-04-30T16:00:00+00:00,中信出版集团,0,0,,科学：无尽的前沿（华为创始人任正非、西湖大学校长施一公亲自推荐！吴军、华先胜等超20位国内外大咖一致推荐！这本书成就了美国，值得我们借鉴，而你也会从中受益。）,2026-01-11 17:16:58,68562
92,85,1,92_cover.jpeg,2026-01-11 17:16:58,,true,false,true,,0,2022-03-31T16:00:00+00:00,中信出版社,0,0,,纳瓦尔宝典（硅谷投资人纳瓦尔十年人生智慧，教你如何获得财富与幸福。新时代创业者的《穷查理宝典》）,2026-01-11 17:16:58,75696
93,86,1,93_cover.jpg,2026-01-11 17:16:58,,true,false,true,,0,2019-06-06,,0,0,,细胞生命的礼赞,2026-01-11 17:16:58,90146
94,87,1,94_cover.jpeg,2026-01-11 17:16:58,,true,false,true,,0,2019-11-30T16:00:00+00:00,未读·探索家,0,0,,给仰望者的天文朝圣之旅（科普版《瓦尔登湖》！美国30年经典科学美文首度引进，值得在夜深时一读再读！） (未读·探索家),2026-01-11 17:16:58,101725
95,88,1,95_cover.jpeg,2026-01-11 17:16:58,,true,false,true,9787553755175,0,2016-01-19T16:00:00+00:00,江苏凤凰科学技术出版社,0,0,,肠子的小心思（好污好欢乐，雷萌有粑粑的味道，慎入！！）,2026-01-11 17:16:58,91728
96,89,1,96_cover.jpeg,2026-01-11 17:16:58,,true,false,true,,0,2023-02-27T16:00:00+00:00,浙江教育出版社,0,0,,芯片简史,2026-01-11 17:16:58,130723
97,90,1,97_cover.jpeg,2026-01-11 17:16:58,,true,false,true,9787521731583,0,2021-08-31T16:00:00+00:00,中信出版集团,0,0,,贪婪的多巴胺（新世代独立图书奖。脑科学家大卫·伊格曼&神经学家维兰努亚·拉玛钱德朗推荐。用通俗的语言、鲜活的案例讲述多巴胺如何影响人的情绪、行为和习惯）,2026-01-11 17:16:58,51314
98,91,1,98_cover.jpeg,2026-01-11 17:16:58,,true,false,true,9787505747012,0,2019-08-09T16:00:00+00:00,北京：中国友谊出版公司,0,0,,追寻记忆的痕迹：新心智科学的开创历程（诺贝尔奖得主埃里克•坎德尔自传，果壳网副总编吴欧、中科院院士蒲慕明倾情推荐。）,2026-01-11 17:16:58,173955
99,92,1,99_cover.jpeg,2026-01-11 17:16:58,,true,false,true,9787559813442,0,2019-02-22T16:00:00+00:00,广西师范大学出版社,0,0,,饮食的迷思：关于营养、健康和遗传的科学真相（拒绝盲目跟风，活出自己的健康）,2026-01-11 17:16:58,113167
100,93,1,100_cover.jpeg,2026-01-11 17:16:58,,true,false,true,,0,2010-11-16T16:00:00+00:00,,0,0,,魔鬼出没的世界,2026-01-11 17:16:58,135579
101,94,4,101_cover.jpeg,2026-01-11 17:16:58,,true,false,true,,0,2013-05-31T16:00:00+00:00,中华书局,0,0,,了凡四训--中华人生智慧经典,2026-01-11 17:16:58,23063
102,95,4,102_cover.jpeg,2026-01-11 17:16:58,,true,false,true,,0,2007-12-31T16:00:00+00:00,中国发展出版社,0,0,,人性的弱点全集,2026-01-11 17:16:58,90206
103,96,4,103_cover.xhtml,2026-01-11 17:16:58,,true,false,true,,0,2010-12-24,,0,0,,人生中不可不想的事,2026-01-11 17:16:58,128067
104,97,4,104_cover.jpeg,2026-01-11 17:16:58,,true,false,true,,0,2019-10-31T16:00:00+00:00,浙江人民出版社,0,0,,人生十二法则,2026-01-11 17:16:58,67074
105,98,4,105_cover.jpeg,2026-01-11 17:16:58,,true,false,true,,0,2011-08-07T16:00:00+00:00,中央编译出版社,0,0,,人生的智慧,2026-01-11 17:16:58,48819
106,99,4,106_cover.png,2026-01-11 17:16:58,,true,false,true,,0,2020-10-12,,0,0,,卓有成效的管理者(珍藏版),2026-01-11 17:16:58,109839
107,100,4,107_cover.jpeg,2026-01-11 17:16:58,,true,false,true,7800734765,0,2009-10-09T16:00:00+00:00,,0,0,,基业长青(珍藏版),2026-01-11 17:16:58,79963
108,101,4,108_cover.jpeg,2026-01-11 17:16:58,,true,false,true,,0,2022-08-09T16:00:00+00:00,,0,0,,始于极限：女性主义往复书简（知名女性主义学者×叛逆人气作家：我们要付出多少代价，才能活出想要的人生？一场始于矛盾与冲突，通往理解与改变的对话，围绕12大主题畅谈女性的纠葛与困境）,2026-01-11 17:16:58,117322
109,102,4,109_cover.jpeg,2026-01-11 17:16:58,,true,false,true,,0,2014-02-28T16:00:00+00:00,,0,0,,小狗钱钱,2026-01-11 17:16:58,85583
110,103,4,110_cover.jpg,2026-01-11 17:16:58,,true,false,true,9787508640099,0,2021-03-15,中信出版社,0,0,,当下的力量（珍藏版）,2026-01-11 17:16:58,59508
111,104,4,111_cover.jpg,2026-01-11 17:16:58,人们对影响力的运用存在于社会的每个角落，当一个要求用不同的方式提出来时，你的反应就会不知不觉地从负面抵抗变成积极合作，你为什么会说“是”，这一转变中究竟蕴涵着怎样的心理策略？《影响力》这本妙趣横生的书将会告诉你。,true,false,true,9787500432180,0,2001-12-01,中国社会科学出版社,0,0,,影响力,2026-01-11 17:16:58,43435
112,105,4,112_cover.jpeg,2026-01-11 17:16:58,,true,false,true,,0,2020-06-30T16:00:00+00:00,上海文艺出版社,0,0,,把自己作为方法：与项飙谈话【牛津大学社会人类学教授项飙，从个人经历切入，回应当下年轻人的精神困境，追索80年代、阶层流动、大学教育、民族与民粹、中国意识等社会议题的新答案】,2026-01-11 17:16:58,138185
113,106,4,113_cover.jpeg,2026-01-11 17:16:58,,true,false,true,,0,2015-08-23T16:00:00+00:00,海南出版社,0,0,,次第花开（希阿荣博堪布为你揭开藏人精神保持愉悦的秘密 陈坤、张静初、马未都、何东、程然推荐） (扎西持林丛书),2026-01-11 17:16:58,80263
114,107,4,114_cover.jpeg,2026-01-11 17:16:58,,true,false,true,,0,2021-06-12T16:00:00+00:00,,0,0,,沟通的方法,2026-01-11 17:16:58,75850
115,108,4,115_cover.jpeg,2026-01-11 17:16:58,,true,false,true,,0,2022-06-30T16:00:00+00:00,,0,0,,看不见的女性（女性生存艰难的铁证和成因，都在这本书里。一个全世界一半人口被无视、被消声的故事，全方位揭露遍布日常的隐形歧视，“掌握数据的波伏瓦”彻底更新你的性别思维，获麦肯锡商业图书奖）,2026-01-11 17:16:58,103601
116,109,4,116_cover.jpg,2026-01-11 17:16:58,,true,false,true,,0,2021-08-12,,0,0,,管理的实践（珍藏版）,2026-01-11 17:16:58,160771
117,110,4,117_cover.jpeg,2026-01-11 17:16:58,,true,false,true,9787210096528,0,2017-10-31T16:00:00+00:00,南昌：江西人民出版社,0,0,,终身成长（重新定义成功的思维模式，美国亚马逊心理畅销书在榜10年，被无数次引用的成功学观点！）,2026-01-11 17:16:58,105672
118,111,4,118_cover.jpeg,2026-01-11 17:16:58,,true,false,true,,0,2020-08-31T16:00:00+00:00,,0,0,,作家榜经典：自卑与超越（樊登博士力荐！超越自卑就能内心强大！心理学封神之作，2020全新未删节珍藏版） (大星作家榜经典文库),2026-01-11 17:16:58,55484
119,112,4,119_cover.jpeg,2026-01-11 17:16:58,,true,false,true,9787115543424,0,2020-08-31T16:00:00+00:00,人民邮电出版社,0,0,,认知觉醒：开启自我改变的原动力（当你认知觉醒，何惧焦虑迷茫！畅销书《反本能》作者卫蓝激赏力荐！）,2026-01-11 17:16:58,53928
120,113,8,120_cover.jpg,2026-01-11 17:16:58,,true,false,true,,0,2017-01,广西师范大学出版社,0,0,,世界哲学史,2026-01-11 17:16:58,115019
121,114,8,121_cover.jpeg,2026-01-11 17:16:58,<div><div>当代大哲学家冯友兰先生于1947年在美国宾夕法尼亚大学受聘担任讲座教授，讲授中国哲学史，其英文讲稿后经整理写成《中国哲学简史》，于1948年由美国著名出版公司麦克米兰出版。此书一出，立即成为西方人了解和学习中国哲学的超级入门书。其后又有法文、意大利文、西班牙文、南斯拉夫文、日文等译本出版，五十多年来，一直是世界各大学中国哲学的通用教材，在西方影响很大。在很长的一段时间里，此书没有中文本。直到20世纪80年代，本书才由冯友兰先生的学生第一次根据英文本译成中文，由北京大学出版社于1985年出版，首版印刷十万册，很快售罄，成为当时学术界的大畅销书。可以说，本书是了解中国哲学的首选读本。</div><div>本书是冯友兰先生哲学与思想融铸的结晶。以一本篇幅有限的哲学学生专著，打通古今中外的相关知识，其中充满睿智与哲人洞见。特别是作者对现实问题的关怀，颇具“读书不忘救国，救国不忘读书”的大家风范。本书对于今日中国的读者，不失为一本教益丰厚的文化经典。</div></div>,true,false,true,9787108030795,0,,生活·读书·新知三联书店,0,0,,中国哲学简史,2026-01-11 17:16:58,15
122,98,8,122_cover.jpeg,2026-01-11 17:16:58,,true,false,true,,0,2011-08-07T16:00:00+00:00,中央编译出版社,0,0,,人生的智慧,2026-01-11 17:16:58,48819
123,115,8,123_cover.jpeg,2026-01-11 17:16:58,,true,false,true,,0,2015-04-01,哈尔滨出版社,0,0,,作为意志和表象的世界,2026-01-11 17:16:58,37818
124,116,8,124_cover.jpeg,2026-01-11 17:16:58,,true,false,true,,0,2011-04-30T16:00:00+00:00,辽宁教育出版社,0,0,,哲学家们都干了些什么?,2026-01-11 17:16:58,173634
125,117,8,125_cover.jpeg,2026-01-11 17:16:58,,true,false,true,,0,2013-03-31T16:00:00+00:00,,0,0,,哲学的故事【让深奥的哲学立刻生动起来!上市首年连续再版22次，迅速译成18种语言，掀起全球哲学热潮】,2026-01-11 17:16:58,64239
126,118,8,126_cover.jpeg,2026-01-11 17:16:58,,true,false,true,,0,2014-07-14T16:00:00+00:00,,0,0,,大问题：简明哲学导论,2026-01-11 17:16:58,71727
127,119,8,127_cover.jpg,2026-01-11 17:16:58,,true,false,true,,0,2010-12-06,,0,0,,存在与时间,2026-01-11 17:16:58,0
128,120,8,128_cover.jpg,2026-01-11 17:16:58,,true,false,true,,0,2018-11-06,北京联合出版公司,0,0,,存在主义咖啡馆：自由、存在和杏子鸡尾酒,2026-01-11 17:16:58,93603
129,121,8,129_cover.jpeg,2026-01-11 17:16:58,,true,false,true,,0,2012-08-31T16:00:00+00:00,,0,0,,悉达多 (黑塞作品集),2026-01-11 17:16:58,71115
130,122,8,130_cover.jpg,2026-01-11 17:16:58,,true,false,true,,0,2019-03-12,上海译文出版社,0,0,,悲剧的诞生:尼采美学文选,2026-01-11 17:16:58,40025
131,123,8,131_cover.jpeg,2026-01-11 17:16:58,,true,false,true,9787544728591,0,2012-06-30T16:00:00+00:00,中国人民大学出版社,0,0,,查拉图斯特拉如是说 (译林人文精选),2026-01-11 17:16:58,27412
132,124,8,132_cover.jpg,2026-01-11 17:16:58,,true,false,true,,0,2019-03-05,上海译文出版社,0,0,,理想国(译文经典),2026-01-11 17:16:58,67024
133,125,8,133_cover.jpeg,2026-01-11 17:16:58,"这部著作是对知识的清洗和质疑。 
它把“自然”的一个片断交还给历史，改造了疯癫，即把我们当作医学现象的东西变成了一种文明现象。……实际上，福柯从未界定疯癫；疯癫并不是认识对象，其历史需要重新揭示；可以说，它不过是这种认识本身；疯癫不是一种疾病，而是一种随时间而变的异己感；福柯从未把疯癫当作一种功能现实，在他看来，它纯粹是理性与非理性，观看者与被观看者相结合所产生的效应。 
疯癫不是一种自然对象，而是一种文明产物。没有把这种现象说成疯癫并加以迫害的各种文化的历史，就不会有疯癫的历史。",true,false,true,,0,2011-05-04T16:00:00+00:00,,0,0,,疯癫与文明,2026-01-11 17:16:58,55534
134,126,8,134_cover.jpeg,2026-01-11 17:16:58,,true,false,true,,0,2011-06-30T16:00:00+00:00,中国人民大学出版社,0,0,,纯粹理性批判(注释本),2026-01-11 17:16:58,153324
135,127,8,135_cover.jpg,2026-01-11 17:16:58,,true,false,true,9787521752472,0,2023-08-15T16:00:00+00:00,中信出版集团,0,0,,苏菲的世界（漫画版）,2026-01-11 17:16:58,235
136,128,8,136_cover.jpeg,2026-01-11 17:16:58,,true,false,true,,0,2007-09-30T16:00:00+00:00,北京出版社,0,0,,西方哲学史 (西方经典悦读),2026-01-11 17:16:58,71953
137,129,8,137_cover.jpeg,2026-01-11 17:16:58,《西方哲学史》是一部系统讲解西方哲学史的大学教材。与国内现有的同类教材相比，《西方哲学史》的最大特点就在于突出西方哲学思想发展演进的内在脉络和精神实质，将哲学史看作是哲学思想在历史过程中自身演进的逻辑结果，力图把不同时空背景中呈现出来的各个哲学派别和各种哲学思想当作一个有机联系的整体来加以把握；在内容上分为六章，即古希腊罗马哲学、中世纪基督教哲学、16-18世纪西欧哲学、18世纪法国哲学、德国古典哲学、近代哲学的终结及向现代哲学的过渡，章与章之间的承启转化都表现出一种逻辑的必然性和历史的合理性；思路清晰严谨，资料丰富翔实，文字顺达优美，融深邃的思辨和广博的知识于一体，是引导大学生和哲学爱好者探究西方哲学堂奥的难得向导，适合高等院校哲学专业学生及广大社会读者学习使用。,true,false,true,,0,2014-03-25T16:00:00+00:00,,0,0,,西方哲学史,2026-01-11 17:16:58,23508
138,130,8,138_cover.jpg,2026-01-11 17:16:58,,true,false,true,,0,2016-11-19T16:00:00+00:00,,0,0,,西方哲学史讲演录,2026-01-11 17:16:58,25005
139,125,8,139_cover.jpeg,2026-01-11 17:16:58,,true,false,true,,0,2011-05-04T16:00:00+00:00,,0,0,,规训与惩罚,2026-01-11 17:16:58,52700
140,131,7,140_cover.jpeg,2026-01-11 17:16:58,,true,false,true,,0,2022-12-31T16:00:00+00:00,,0,0,,不原谅也没关系,2026-01-11 17:16:58,94807
141,101,7,141_cover.jpeg,2026-01-11 17:16:58,"【微信读书全网独家首发】
“没有比生命更重要的价值，女性主义的思想是‘活下去的思想’”。
日本女性主义理论第一人、《从零开始的女性主义》作者上野千鹤子，从国家、民族、暴力的全新角度考察女性主义的集大成之作。
“对于那些想要平淡的日常，希望明天也能像今天一样活着的女人来说，英雄主义就是敌人。”
战争究竟有什么样的吸引力？
女性能和男性一样成为士兵吗？
女性主义所追求的平等是女性也要和男性一样参战吗？
9·11事件揭开了21世纪的帷幕，历经了少有的“战争与破坏的20世纪”后，我们又在新世纪目睹了如此不近情理的暴力。而在国家与暴力的新的结合之中，又增加了性别这一变量。我们不得不面对“男女共同参与暴力”这一难题。
《为了活下去的思想》是日本女性主义理论先驱上野千鹤子，围绕国家、暴力、性别等议题进行思考的总结式作品。她从本世纪的9·11事件开始，追溯到上世纪的慰安妇诉讼以及之后爆发的海湾战争，在这些暴力事件中，思考性别这一不确定因素在国家和暴力体系的新构成中是如何发挥作用的。她发出了“逃出去，活下去！”的呼号，进一步确认与阐释了“女性主义是让弱者以弱者的姿态受到尊重的思想。”
本书是上野千鹤子继",true,false,true,,0,2022-10-31T16:00:00+00:00,北京联合出版公司,0,0,,为了活下去的思想,2026-01-11 17:16:58,75722
142,132,7,142_cover.jpeg,2026-01-11 17:16:58,,true,false,true,9787559445148,0,2020-03-31T16:00:00+00:00,江苏凤凰文艺出版社,0,0,,乌合之众：大众心理研究（畅销125年纪念版）【群体心理学开山之作，社会心理学必读经典，当之无愧的百年经典名著。完整全译本，流畅翻译，精美插图，新锐设计】,2026-01-11 17:16:58,28368
143,133,7,143_cover.jpeg,2026-01-11 17:16:58,,true,false,true,9787553522838,0,2021-05-31T16:00:00+00:00,上海文化出版社,0,0,,也许你该找个人聊聊（继《蛤蟆先生去看心理医生》之后，又一个关于心理咨询的动人故事；美国心理学泰斗欧文·亚隆推荐，知名心理学者李松蔚审校并作序）,2026-01-11 17:16:58,170661
144,134,7,144_cover.jpeg,2026-01-11 17:16:58,,true,false,true,,0,2020-06-30T16:00:00+00:00,,0,0,,从玫瑰到枪炮：心理学实证研究社会关系(《社会心理学》作者戴维•迈尔斯酝酿多年，打破传统之作！以模块化的形式展现硬核“知识”，揭示日常生活中的社会心理现象。美国心理学协会前主席菲利普•津巴多、清华大学心理学系主任彭凯平教授联袂推荐！) (探索社会心理学丛书),2026-01-11 17:16:58,112902
145,101,7,145_cover.jpeg,2026-01-11 17:16:58,,true,false,true,,0,2023-05-04T16:00:00+00:00,,0,0,,厌女（增订本）（上野千鹤子经典代表作！女性主义者就是意识到厌女症而决意与之斗争的人。千万读者的女性主义启蒙书。）读客,2026-01-11 17:16:58,108899
146,135,7,146_cover.jpeg,2026-01-11 17:16:58,"<p class=""description"">《心理学与生活》是美国斯坦福大学多年来使用的教材，也是在美国许多大学里推广使用的经典教材，被ETS推荐为GRE心理学专项考试的主要参考用书，还是被许多国家大学的“普通心理学”课程选用的教材。这本教科书写作流畅，通俗易懂，深入生活，把心理学理论与知识联系人们的日常生活与工作，使它同样也成为一般大众了解心理学与自己的极好读物。<br>作为一本包含着丰富的教育思想和独特教学方法的成熟教材，原书中所有元素——如由600余条词汇及解释组成的“专业术语表”，2000余条“参考文献”，以及近1000条的“人名和主题索引”等等，对于教学、研究和学习都十分宝贵，此中译本完整地翻译和保留了这些资料。</p>",true,false,true,9787115111302,0,2003-10-14T16:00:00+00:00,人民邮电出版社,0,0,,心理学与生活,2026-01-11 17:16:58,10353
147,136,7,147_cover.jpg,2026-01-11 17:16:58,我们经常性地遭受情绪创伤，如同经常性地遭受身体创伤。失败、内疚、拒绝和丧失就像偶尔擦伤胳膊和拉伤肌肉一样，成了我们生活的一部分。但是，当我们自然而然包扎伤口或者冰敷扭伤的脚踝时，对大多数人来说，应对情绪伤害的急救箱却空空如也——它根本就不存在！结果就是，情绪伤害只要还没有严重到需要专业人士的帮助，我们就会放任不管，从而使我们感觉糟糕的时间比我们应当感到的延长很多。,true,false,true,,0,2015-08-01,上海社会科学院出版社,0,0,,情绪急救:应对各种日常心理伤害的策略与方法,2026-01-11 17:16:58,45637
148,137,7,148_cover.jpeg,2026-01-11 17:16:58,,true,false,true,,0,2009-11-30T16:00:00+00:00,ZHLCN,0,0,,拖延心理学【豆瓣拖延小组的镇组之宝】 (湛庐文化•心视界),2026-01-11 17:16:58,116177
149,138,7,149_cover.jpeg,2026-01-11 17:16:59,,true,false,true,9787550238909,0,2020-04-30T16:00:00+00:00,北京：北京联合出版公司,0,0,,热锅上的家庭： 家庭问题背后的心理真相（樊登读书会收听量破2000万。豆瓣8.7高分力推！重新定义心理治疗，颠覆对家庭的认识！后浪出品）,2026-01-11 17:16:59,102714
150,139,7,150_cover.jpg,2026-01-11 17:16:59,,true,false,true,,0,2011/7/14 20:04,上海译文出版社,0,0,,爱的艺术,2026-01-11 17:16:59,29193
151,140,7,151_cover.jpeg,2026-01-11 17:16:59,本书提供了一整套奠基于荣格心理学和东方哲学的深度占星方法，目的在于帮助读者运用占星学来认识个体在宇宙中的生命轨迹，从而达成个人的转化，并促进灵性与心理上的成长。这种崭新的占星途径与传统预测导向的占星学截然不同，它是奠基于业力法则和自我转化驱力之上的，特别强调土星、天王星、海王星与冥王星在转化业力上的重要性，而且把所有的占星技巧都用于促进个人成长的面向上。凡是对自我认识和灵性成长有兴趣的读者，一定能从本书中获得中肯而实用的建议。,true,false,true,,0,2013-04-03T16:00:00+00:00,,0,0,,生命的轨迹：深度心理分析手册,2026-01-11 17:16:59,68754
152,141,7,152_cover.jpeg,2026-01-11 17:16:59,,true,false,true,,0,2011-08-27T16:00:00+00:00,,0,0,,社会心理学,2026-01-11 17:16:59,92538
153,142,7,153_cover.jpg,2026-01-11 17:16:59,《社会性动物》是美国社会心理学家艾略特·阿伦森 [Elliot Aronson 1932.01.09]出版的一本社会心理学的著作，它被称为“美国社会心理学的《圣经》”（Revue des QuestionsScientifiques的评价）。本书从1972年出版第一版以来，在世界范围内畅销数千万册，是社会心理学领域内最具影响的著作。作者艾略特·阿伦森是美国心理学会110年历史上唯一一位获得所有三项大奖的心理学家：杰出研究奖（1999年）、杰出教学奖（1980年）和杰出著作奖（1975年）。,true,false,true,,0,2011-01-21,,0,0,,社会性动物,2026-01-11 17:16:59,57444
154,143,7,154_cover.jpg,2026-01-11 17:16:59,,true,false,true,9787514205039,0,2018-09-30,印刷工业出版社,0,0,,自控力,2026-01-11 17:16:59,56604
155,144,7,155_cover.jpeg,2026-01-11 17:16:59,,true,false,true,,0,2020-07-31T16:00:00+00:00,天津人民出版社,0,0,,蛤蟆先生去看心理医生,2026-01-11 17:16:59,69257
156,145,7,156_cover.jpeg,2026-01-11 17:16:59,,true,false,true,,0,2020-03-31T16:00:00+00:00,,0,0,,这才是心理学：看穿伪科学的批判性思维（第11版，中文版）,2026-01-11 17:16:59,106856
157,146,7,157_cover.jpeg,2026-01-11 17:16:59,,true,false,true,,0,0101-01-01T00:00:00+00:00,民主与建设出版社·后浪,0,0,,金钱心理学：财富、人性和幸福的永恒真相,2026-01-11 17:16:59,101642
158,2,9,158_cover.jpg,2026-01-11 17:16:59,,true,false,true,,0,2015,,0,0,,一个无政府主义者的意外死亡,2026-01-11 17:16:59,5005
159,147,9,159_cover.css,2026-01-11 17:16:59,,true,false,true,,0,2019-07-31T16:00:00+00:00,鹭江出版社,0,0,,中央帝国的军事密码：我们反对战争，但又必须了解战争,2026-01-11 17:16:59,123223
160,148,9,160_cover.jpeg,2026-01-11 17:16:59,,true,false,true,,0,2023-07-01T19:54:52+00:00,,0,0,,人地之间：中国增长模式下的城乡土地改革,2026-01-11 17:16:59,145
161,149,9,161_cover.jpeg,2026-01-11 17:16:59,"<div>
<p style=""font-weight: 600; font-family: 'Helvetica','Arial','sans-serif'; font-size: 13px"">    人生的意义，人们向往的自由和公平的价值，人类文明的复杂冲突与未来趋势……这些让你困惑的大小问题，过去也困扰过韦伯、尼采、萨特等杰出的头脑。他们尽最大努力做出阐释，为后人提供了宝贵的思想标识。</p>
<p style=""font-weight: 600; font-family: 'Helvetica','Arial','sans-serif'; font-size: 13px"">    在这部讲义里，刘擎介绍了现代视域下的19位思想大家，广泛而系统地讨论工具理性的利弊，如何面对虚无主义，消费主义对人的异化，财富分配的公平正义和全球化等议题。</p>
<p style=""font-weight: 600; font-family: 'Helvetica','Arial','sans-serif'; font-size: 13px"">    思想不惑，精神明亮。你将在这19位大家的生平故",true,false,true,,0,2021-01-17T16:00:00+00:00,新星出版社,0,0,,刘擎西方现代思想讲义,2026-01-11 17:16:59,173723
162,150,9,162_cover.jpeg,2026-01-11 17:16:59,,true,false,true,,0,2020-12-31T16:00:00+00:00,浙江人民出版社,0,0,,制内市场：中国国家主导型政治经济学（中国问题专家、高层智库郑永年权威解读，中国经济2020年如何实现超预期增长，突破百万亿元大关）,2026-01-11 17:16:59,153754
163,151,9,163_cover.jpeg,2026-01-11 17:16:59,,true,false,true,,0,2010-08-31T16:00:00+00:00,上海译文出版社,0,0,,动物农场 (译文经典),2026-01-11 17:16:59,52392
164,152,9,164_cover.jpeg,2026-01-11 17:16:59,,true,false,true,,0,2016-03-31T16:00:00+00:00,江苏文艺出版社,0,0,,华杉讲透《孙子兵法》(读客熊猫君出品。企业家狂热追捧！这回彻底读懂孙子兵法！),2026-01-11 17:16:59,77256
165,153,9,165_cover.jpeg,2026-01-11 17:16:59,,true,false,true,,0,2022-07-31T16:00:00+00:00,,0,0,,失明症漫记（诺奖得主萨拉马戈传世之作！一旦对他人的苦难视而不见，苦难就会在我们中间蔓延。）（读客彩条外国文学文库）,2026-01-11 17:16:59,95798
166,154,9,166_cover.jpeg,2026-01-11 17:16:59,,true,false,true,,0,2019-06-13T16:00:00+00:00,百花文艺出版社,0,0,,失败者的春秋,2026-01-11 17:16:59,83664
167,155,9,167_cover.jpeg,2026-01-11 17:16:59,,true,false,true,9787542664648,0,2010-09-01,广西师范大学出版社,0,0,,学术与政治,2026-01-11 17:16:59,161291
168,156,9,168_cover.jpeg,2026-01-11 17:16:59,"<p class=""description"">自《马克思恩格斯全集》、《列宁全集》、《马克思恩格斯选集》、《列宁选集》问世以来，广大读者迫切要求出版马列著作的单行本。这反映了他们学习马克思列宁主义的强烈愿望和对马列著作的不同需要。为此，我们决定编辑出版一套马列著作的系列书，定名为《马克思列宁主义文库》。本文库收编马克思列宁主义经典作家的重要著作，以单行本形式陆续出版。这些著作凡可独立成书者，则一文一书；有些重要文章和书信则按专题编成文集；有些著作还设有附录，收编作者本人的有关论著和与本书直接有关的材料。为帮助读者学习和研究，在每书正文之后附有“注释”和“人名索引”，有些著作还附有“名目索引”。译文和资料均以新版全集、选集为准。有些著作尚无新版者，则按新版要求重新校订译文，编写资料。这套文库与全集、选集相配合，可适应广大读者的不同需要。理论工作者，教学和宣传工作者，各级干部，大专院校学生和其他读者均可从这套文库中选择自己所需要的著作，也可系统收藏。我们期望这套文库的出版能推动全国马克思主义的学习和研究，有助于广大干部用马克思主义的立场、观点和方法研究和解决社会主义现代化建设中的新问题，促",true,false,true,,0,2011-03-02T16:00:00+00:00,,0,0,,家庭、私有制和国家的起源,2026-01-11 17:16:59,50718
169,157,9,169_cover.jpeg,2026-01-11 17:16:59,,true,false,true,,0,2016-07-31T16:00:00+00:00,上海人民出版社,0,0,,想象的共同体（增订版）,2026-01-11 17:16:59,147293
170,154,9,170_cover.jpeg,2026-01-11 17:16:59,,true,false,true,,0,2019-05-14T16:00:00+00:00,百花文艺出版社,0,0,,战国歧途,2026-01-11 17:16:59,67938
171,158,9,171_cover.jpeg,2026-01-11 17:16:59,,true,false,true,,0,2021-12-31T16:00:00+00:00,,0,0,,政治学（古希腊哲学集大成者亚里士多德代表作，西方政治学研究的开山之作！）,2026-01-11 17:16:59,65814
172,159,9,172_cover.jpeg,2026-01-11 17:16:59,,true,false,true,,0,2014-08-31T16:00:00+00:00,广西师范大学出版社,0,0,,理想国译丛005 · 政治秩序的起源：从前人类时代到法国大革命,2026-01-11 17:16:59,152530
173,160,9,173_cover.jpeg,2026-01-11 17:16:59,,true,false,true,9787543223714,0,2016-02-29T16:00:00+00:00,,0,0,,权力结构、政治激励和经济增长——基于浙江民营经济发展经验的政治经济学分析 (当代经济学系列丛书),2026-01-11 17:16:59,134200
174,101,9,174_cover.jpeg,2026-01-11 17:16:59,,true,false,true,,0,2020-05-13T16:00:00+00:00,,0,0,,父权制与资本主义,2026-01-11 17:16:59,85131
175,161,9,175_cover.jpg,2026-01-11 17:16:59,,true,false,true,,0,0101-01-01T00:00:00+00:00,,0,0,,疼痛部,2026-01-11 17:16:59,124595
176,162,9,176_cover.jpeg,2026-01-11 17:16:59,,true,false,true,9787510886768,0,2020-01-31 16:00:00+00:00,九州出版社,0,0,,理想国译丛038 第三帝国三部曲 1：第三帝国的到来（上下册 一部关于希特勒和纳粹德国伟大的鸿篇巨制 一部研究二战德国的经典之作 理想国出品）,2026-01-11 17:16:59,140141
177,163,9,177_cover.jpeg,2026-01-11 17:16:59,,true,false,true,9787544710787,0,2010-05-31T16:00:00+00:00,,0,0,,美妙的新世界 (译林经典),2026-01-11 17:16:59,106321
178,86,9,178_cover.jpeg,2026-01-11 17:16:59,,true,false,true,,0,2020-02-27T16:00:00+00:00,,0,0,,"宋怡明 - 被统治的艺术：中华帝国晚期的日常政治 (2019-11,中国华侨出版社)9787511380326",2026-01-11 17:16:59,56137
179,125,9,179_cover.jpeg,2026-01-11 17:16:59,,true,false,true,,0,2011-05-04T16:00:00+00:00,,0,0,,规训与惩罚,2026-01-11 17:16:59,52700
180,164,9,180_cover.jpeg,2026-01-11 17:16:59,,true,false,true,,0,2021-05-31T16:00:00+00:00,,0,0,,略萨作品：酒吧长谈（诺贝尔文学奖得主略萨“高峰的标志”，一部充满能量、激情和勇气的伟大小说）,2026-01-11 17:16:59,172633
181,165,5,181_cover.jpeg,2026-01-11 17:16:59,C++是在 C 语言基础上开发的一种集面向对象编程、泛型编程和过程化编程于一体的编程语言，是C语言的超集。本书是根据2003年的ISO/ANSI C++标准编写的，通过大量短小精悍的程序详细而全面地阐述了 C++的基本概念和技术，并专辟一章介绍了C++11新增的功能。 全书分18章和10个附录。分别介绍了C++程序的运行方式、基本数据类型、复合数据类型、循环和关系表达式、分支语句和逻辑运算符、函数重载和函数模板、内存模型和名称空间、类的设计和使用、多态、虚函数、动态内存分配、继承、代码重用、友元、异常处理技术、string类和标准模板库、输入/输出、C++11新增功能等内容。 本书针对C++初学者，书中从C语言基础知识开始介绍，然后在此基础上详细阐述C++新增的特性，因此不要求读者有C语言方面的背景知识。本书可作为高等院校教授C++课程的教材，也可供初学者自学C++时使用。,true,false,true,,0,2016-09-17T16:00:00+00:00,人民邮电出版社,0,0,,C++ Primer Plus（第6版）中文版,2026-01-11 17:16:59,112843
182,166,5,182_cover.jpeg,2026-01-11 17:16:59,,true,false,true,,0,0101-01-01T00:00:00+00:00,亨利·黑兹利特,0,0,,一课经济学,2026-01-11 17:16:59,99922
183,167,5,183_cover.jpeg,2026-01-11 17:16:59,,true,false,true,,0,2013-12-31T16:00:00+00:00,,0,0,,古今数学思想（套装共3册）经久不衰的数学史的经典名著,2026-01-11 17:16:59,85541
184,168,5,184_cover.jpg,2026-01-11 17:16:59,,true,false,true,,0,2020-10-11,后浪出版公司,0,0,,后浪创意写作教室：从入门到写出畅销小说（世界级畅销作家的写作圣经，赚钱的小说要这样写！套装共6册。）,2026-01-11 17:16:59,176965
185,169,5,185_cover.jpeg,2026-01-11 17:16:59,,true,false,true,,0,2020-12-06T16:00:00+00:00,北京联合出版公司,0,0,,哲学入门课:14天突破哲学大门（每当我找到生命的意义，上帝就笑了！本书帮你解决无聊、痛苦等当代通病）（套装共14册） (未读·思想家),2026-01-11 17:16:59,108875
186,170,5,186_cover.jpeg,2026-01-11 17:16:59,,true,false,true,,0,2011-04-30T16:00:00+00:00,中国青年出版社,0,0,,学习之道:美国公认学习第一书,2026-01-11 17:16:59,106430
187,171,5,187_cover.jpg,2026-01-11 17:16:59,,true,false,true,9787540490928,0,2019-04-30T16:00:00+00:00,湖南文艺出版社,0,0,,故事写作大师班【风行全美30年，与麦基《故事》齐名的编剧圣经，《加勒比海盗》《星球大战》编剧导师！好莱坞故事写作教学大师约翰·特鲁比风行全美30年故事写作课程大公开！】,2026-01-11 17:16:59,25000
188,172,5,188_cover.jpeg,2026-01-11 17:16:59,也许大家不相信，数学是解决信息检索和自然语言处理的最好工具。它能非常清晰地描述这些领域的实际问题并且给出漂亮的解决办法。每当人们应用数学工具解决一个语言问题时，总会感叹数学之美。我们希望利用 Google 中文黑板报这块园地，介绍一些数学工具，以及我们是如何利用这些工具来开发 Google 产品的。,true,false,true,,0,2009-08-20T16:00:00+00:00,,0,0,,谷歌吴军：数学之美,2026-01-11 17:16:59,52493
189,173,5,189_cover.jpg,2026-01-11 17:16:59,,true,false,true,,0,2016-07-22,,0,0,,昆虫记,2026-01-11 17:16:59,222698
190,174,5,190_cover.jpeg,2026-01-11 17:16:59,,true,false,true,9787544714433,0,2010-08-31T16:00:00+00:00,凤凰出版传媒集团，译林出版社,0,0,,爱的教育 (经典译林),2026-01-11 17:16:59,104833
191,175,5,191_cover.jpeg,2026-01-11 17:16:59,,true,false,true,,0,2011-12-31T16:00:00+00:00,中国青年出版社,0,0,,考拉小巫的英语学习日记,2026-01-11 17:16:59,35281
192,176,3,192_cover.jpeg,2026-01-11 17:16:59,,true,false,true,,0,2021-04-14T16:00:00+00:00,,0,0,,《中华人民共和国民法典》学习读本（套装共7册）三部委独家联合署名民法典学习读本，一套涵盖公民由生到死民事权利的图书！,2026-01-11 17:16:59,171134
193,177,3,193_cover.jpeg,2026-01-11 17:16:59,,true,false,true,9787300283074,0,2020-07-14T16:00:00+00:00,中国人民大学出版社,0,0,,《中华人民共和国民法典》条文精释与实案全析（套装共3册）【杨立新教授主编，社会生活的百科全书！】,2026-01-11 17:16:59,203368
194,178,3,194_cover.jpeg,2026-01-11 17:16:59,,true,false,true,9787559856692,0,2023-04-30T16:00:00+00:00,广西师范大学出版社,0,0,,中华帝国晚期的性、法律与社会,2026-01-11 17:16:59,211550
195,179,3,195_cover.jpeg,2026-01-11 17:16:59,,true,false,true,,0,2020-08-14T16:00:00+00:00,中国人民大学出版社,0,0,,中国民法典释评（十卷本）,2026-01-11 17:16:59,201880
196,180,3,196_cover.jpg,2026-01-11 17:16:59,,true,false,true,,0,2014-02-06,上海三联书店,0,0,,九人：美国最高法院风云,2026-01-11 17:16:59,25005
197,181,3,197_cover.jpg,2026-01-11 17:16:59,围绕着一桩背景复杂的家庭纠纷案件，从女性学者的视角出发，探讨了古代中国人对于两性、家庭、政权等关系的认识以及在相关法律问题中引发的讨论。,true,false,true,9789571435138,0,2001-10-15 06:06:12.299000+00:00,三民书局,0,0,,公主之死：你所不知道的中国法律史,2026-01-11 17:16:59,62497
198,182,3,198_cover.jpeg,2026-01-11 17:16:59,,true,false,true,9787222198463,0,2020-12-31T16:00:00+00:00,云南人民出版社,0,0,,刑法中的同意制度：从性侵犯罪谈起（做勇敢的女性，捍卫说“不”的权利！中国政法大学罗翔教授，全面审视性同意标准和围绕着“性”的权力、道德、文化）,2026-01-11 17:16:59,116811
199,182,3,199_cover.jpeg,2026-01-11 17:16:59,,true,false,true,9787222193727,0,2020-06-30T16:00:00+00:00,云南人民出版社,0,0,,刑法学讲义（罗翔首部刑法科普读物，通俗有趣的案例，风趣幽默的解读。一本书了解你和“法外狂徒张三”的距离，一起来和亿万网友学到上头！）,2026-01-11 17:16:59,105484
200,183,3,200_cover.jpg,2026-01-11 17:16:59,,true,false,true,9787544771146,0,2017-11-27,译林出版社,0,0,,十二怒汉,2026-01-11 17:16:59,16656
201,184,3,201_cover.jpeg,2026-01-11 17:17:00,,true,false,true,9787519735340,0,2019-06-30T16:00:00+00:00,,0,0,,图解并购重组：法律实务操作要点与难点,2026-01-11 17:17:00,188872
202,182,3,202_cover.jpeg,2026-01-11 17:17:00,,true,false,true,,0,2019-07-31T16:00:00+00:00,中国法制出版社,0,0,,圆圈正义 (B站累计点击量超1000万，人称“刑法小王子”的罗翔教授全新力作，人追求正义不是出于“生活的智慧”，而是源于内心对于正义的信念),2026-01-11 17:17:00,127683
203,185,3,203_cover.jpg,2026-01-11 17:17:00,,true,false,true,,0,2014-03-31T16:00:00+00:00,法律出版社,0,0,,宪法学导论：原理与应用（第三版）,2026-01-11 17:17:00,35005
204,186,3,204_cover.jpeg,2026-01-11 17:17:00,1960年，因为一则批评性广告，警察局长沙利文以诽谤为由，将《纽约时报》告上法庭，并申请巨额赔偿。两审失利后，几乎被各地政府官员相继提起的索赔逼至绝境的《纽约时报》，奋起上诉至联邦最高法院。九位大法官在“《纽约时报》诉沙利文案”中力挽狂澜，宣布“对公共事务的讨论应当不受抑制、充满活力并广泛公开”，维护了媒体、公民批评官员的自由。《纽约时报》资深记者、两度普利策奖得主安东尼•刘易斯，以翔实史料、生动笔触，系统回顾了这起新闻自由史上的里程碑案件，并循此为线，串接起美国人民争取言论自由的司法抗争历史，完美展现了霍姆斯、布兰代斯、汉德、沃伦、布伦南、布莱克、韦克斯勒等伟大法官和律师的形象。,true,false,true,9787301188736,0,2011-07-15T11:19:52.215000+00:00,北京大学出版社,0,0,,批评官员的尺度,2026-01-11 17:17:00,114271
205,187,3,205_cover.jpg,2026-01-11 17:17:00,,true,false,true,,0,1998-01-01,中国政法大学出版社,0,0,,法理学：法律哲学与法律方法,2026-01-11 17:17:00,123203
206,188,3,206_cover.jpg,2026-01-11 17:17:00,,true,false,true,,0,2014-08-09,,0,0,,洞穴奇案,2026-01-11 17:17:00,79824
207,189,3,207_cover.jpeg,2026-01-11 17:17:00,"<p class=""description"">本书的主体部分由三篇精彩的宪法论文与25个司法大案组成,一共28节。这三篇论文是《美国宪法的英国普通法渊源》、《保守的美国革命产生了长寿的联邦宪法》和《美国宪政法治捍卫者:最高法院的九尊护法神》。按照历史发展的轨迹,三篇文章分别扼要论述了美国宪政中的英国因素、美国特征及平稳发展的原因。25个司法大案则主要包括:确立最高法院司法审查权的“马伯里诉麦迪逊案(1803)”、引发内战的“斯科特案(1857)”、结束种族隔离的“布朗案(1954)”、导致总统下台的“美国诉尼克松案(1974)”,以及裁决总统选票的“布什诉戈尔案(2000)”。每个案例自成一节,既有生动的史实叙述,也有引人深思的法理分析。25个案例异彩纷呈,令人回味无穷。<br> 中国社会科学院美国研究所所长王缉思为本书作序。他在序中说:“本书并没有就法律谈法律,而是用生动的笔触,翔实的资料,描述了法治在美国社会的各个方面从生根到开花的历程。联邦最高法院的25个故事所揭示的,是一以贯之而又不断发展的一种观念,一种精神。美国宪政的酸甜苦辣尽在其中,让读者去细细品味。”“要研究美国的任何一",true,false,true,,0,2010-07-07T07:00:00+00:00,,0,0,,美国宪政历程—影响美国宪政的25个司法大案,2026-01-11 17:17:00,167679
208,125,3,208_cover.jpeg,2026-01-11 17:17:00,,true,false,true,,0,2011-05-04T16:00:00+00:00,,0,0,,规训与惩罚,2026-01-11 17:17:00,52700
209,190,3,209_cover.jpeg,2026-01-11 17:17:00,,true,false,true,,0,2009-12-01T16:00:00+00:00,,0,0,,言论的边界：美国宪法第一修正案简史,2026-01-11 17:17:00,71931
210,191,3,210_cover.jpg,2026-01-11 17:17:00,,true,false,true,,0,2016-07-15,,0,0,,论法的精神,2026-01-11 17:17:00,89751
211,192,3,211_cover.jpeg,2026-01-11 17:17:00,,true,false,true,,0,2008-10-31T16:00:00+00:00,北京大学出版社,0,0,,论犯罪与刑罚,2026-01-11 17:17:00,56228
212,193,6,212_cover.jpeg,2026-01-11 17:17:00,,true,false,true,,0,2019-02-28T16:00:00+00:00,湖南文艺出版社,0,0,,一个人生活(宫崎骏动画作词者，影响村上春树、北岛等无数人：活着，是敢哭、敢笑、敢怒，是自由！),2026-01-11 17:17:00,58520
213,52,6,213_cover.jpeg,2026-01-11 17:17:00,,true,false,true,,0,2017-08-31T16:00:00+00:00,江西科学技术出版社,0,0,,你是你吃出来的：吃对少生病，病了这样吃,2026-01-11 17:17:00,118671
214,194,6,214_cover.jpeg,2026-01-11 17:17:00,,true,false,true,,0,2011-06-24T16:00:00+00:00,重庆出版集团，重庆出版社,0,0,,北方的空地,2026-01-11 17:17:00,121535
215,195,6,215_cover.jpg,2026-01-11 17:17:00,,true,false,true,,0,2011-04-30T16:00:00+00:00,华中科技大学出版社,0,0,,启示录　打造用户喜爱的产品,2026-01-11 17:17:00,66135
216,196,6,216_cover.jpeg,2026-01-11 17:17:00,,true,false,true,,0,2020-01-16T16:00:00+00:00,,0,0,,小家，越住越大,2026-01-11 17:17:00,212
217,61,6,217_cover.jpeg,2026-01-11 17:17:00,,true,false,true,,0,2016-11-01,,0,0,,当呼吸化为空气,2026-01-11 17:17:00,39122
218,197,6,218_cover.jpeg,2026-01-11 17:17:00,,true,false,true,9787300110073,0,2009-09-29T16:00:00+00:00,,0,0,,"忧郁的热带（列维-斯特劳斯文集15）(补卷）（【豆瓣9分奇书，被称为""一部为所有游记敲响丧钟的游记"", 40余万字记录亚马逊河和巴西高地森林原始形态的人类社会】）",2026-01-11 17:17:00,177658
219,198,6,219_cover.jpeg,2026-01-11 17:17:00,,true,false,true,,0,2012-02-29T16:00:00+00:00,北京科学技术出版社,0,0,,施瓦辛格健身全书,2026-01-11 17:17:00,123280
220,199,6,220_cover.jpg,2026-01-11 17:17:00,,true,false,true,,0,2009-04-01,上海译文出版社,0,0,,旅行的艺术,2026-01-11 17:17:00,52735
221,200,6,221_cover.jpeg,2026-01-11 17:17:00,,true,false,true,,0,2018-02-04T16:00:00+00:00,北京科学技术出版社,0,0,,无器械健身,2026-01-11 17:17:00,68235
222,201,6,222_cover.jpeg,2026-01-11 17:17:00,,true,false,true,,0,2013-10-31T16:00:00+00:00,文化发展出版社(原印刷工业出版社),0,0,,日日是好日：茶道带来的十五种幸福（日本茶道大家森下典子茶道修行日记）,2026-01-11 17:17:00,39651
223,70,6,223_cover.jpeg,2026-01-11 17:17:00,,true,false,true,,0,2015-07-31T16:00:00+00:00,,0,0,,最好的告别三部曲（套装共3册） (《纽约时报》畅销书，美国著名外科医生划时代之作！),2026-01-11 17:17:00,80808
224,202,6,224_cover.jpeg,2026-01-11 17:17:00,,true,false,true,,0,2018-08-31T16:00:00+00:00,,0,0,,森林的奇妙旅行（荒野求生文艺版 ）,2026-01-11 17:17:00,97094
225,203,6,225_cover.jpeg,2026-01-11 17:17:00,,true,false,true,,0,2013-12-31T16:00:00+00:00,,0,0,,爱上跑步的13周,2026-01-11 17:17:00,68744
226,204,6,226_cover.jpeg,2026-01-11 17:17:00,,true,false,true,,0,2017-08-03,商务印书馆,0,0,,电影是什么？,2026-01-11 17:17:00,130116
227,205,6,227_cover.jpeg,2026-01-11 17:17:00,,true,false,true,,0,2015-04-30T16:00:00+00:00,湖南文艺出版社,0,0,,硬派健身,2026-01-11 17:17:00,96903
228,206,6,228_cover.jpeg,2026-01-11 17:17:00,,true,false,true,9787508622828,0,2010-09-30T16:00:00+00:00,中信出版社,0,0,,背包十年:我的职业是旅行（精编图文版）,2026-01-11 17:17:00,44200
229,207,6,229_cover.jpeg,2026-01-11 17:17:00,,true,false,true,,0,0101-01-01T00:00:00+00:00,,0,0,,设计中的设计（校正）,2026-01-11 17:17:00,60121
230,208,6,230_cover.jpg,2026-01-11 17:17:00,,true,false,true,,0,2016-08-05,,0,0,,跑步圣经：我跑故我在（35周年纪念版）,2026-01-11 17:17:00,115195
231,209,6,231_cover.jpg,2026-01-11 17:17:00,,true,false,true,,0,2018-02-01,,0,0,,进入空气稀薄地带：登山者的圣经（珍藏版）,2026-01-11 17:17:00,98744
232,92,6,232_cover.jpeg,2026-01-11 17:17:00,,true,false,true,9787559813442,0,2019-02-22T16:00:00+00:00,广西师范大学出版社,0,0,,饮食的迷思：关于营养、健康和遗传的科学真相（拒绝盲目跟风，活出自己的健康）,2026-01-11 17:17:00,113167
